# Amplify redirects file to handle Next.js redirects in static export mode

/general-overview /learn/general-overview 301
/general-staking /learn/general-staking 301
/general-governance /learn/general-governance 301
/general-submit-feedback /learn/general-submit-feedback 301
/general-brand-kit /learn/general-brand-kit 301
/user-quickstart /learn/user-quickstart 301
/user-guides/wallet-setup /learn/wallet-setup 301
/user-guides/linking-addresses /learn/linking-addresses 301
/user-guides/getting-tokens /learn/getting-tokens 301
/user-guides/block-explorers /learn/block-explorers 301
/user-guides/bridging /learn/bridging 301
/learn/bridging /evm/bridging 301
/evm/bridging/third-web /evm/bridging/thirdweb 301
/user-guides/wrapped-sei /learn/wrapped-sei 301
/user-guides/ledger-setup /learn/ledger-setup 301
/user-FAQ /learn/user-FAQ 301
/dev-intro /build 301
/dev-chains /learn/dev-chains 301
/dev-token-standards /build/dev-token-standards 301
/dev-gas /learn/dev-gas 301
/dev-transactions /learn/dev-transactions 301
/dev-smart-contracts /build/dev-smart-contracts 301
/dev-querying-state /build/querying-state 301
/dev-advanced-concepts/account-structure /learn/account-structure 301
/dev-advanced-concepts/wallet-association /learn/wallet-association 301
/dev-advanced-concepts/hardware-wallets /learn/hardware-wallets 301
/dev-advanced-concepts/oracles /learn/oracles 301
/dev-advanced-concepts/execute-multiple /learn/execute-multiple 301
/dev-advanced-concepts/hd-path-coin-types /learn/hd-path-coin-types 301
/dev-advanced-concepts/proposals /learn/proposals 301
/dev-advanced-concepts/ibc-relayer /learn/ibc-relayer 301
/dev-advanced-concepts/differences-with-ethereum /learn/differences-with-ethereum 301
/endpoints /reference/endpoints 301
/endpoints/cosmos /reference/cosmos 301
/endpoints/cosmos/api/* /reference/api/:splat 301
/endpoints/evm /reference/evm 301
/seid/* /reference/seid/:splat 301
/seid /reference/seid 301
/dev-tutorials/installing-seid /build/installing-seid 301
/dev-tutorials/building-a-frontend /build/building-a-frontend 301
/dev-tutorials/cosmwasm-general /build/cosmwasm-general 301
/dev-tutorials/evm-general /build/evm-general 301
/dev-tutorials/evm-cli-tutorial /build/evm-cli-tutorial 301
/dev-ecosystem-providers/explorers /providers/explorers 301
/dev-ecosystem-providers/rpc-providers /providers/rpc-providers 301
/dev-ecosystem-providers/indexers/indexers /providers/indexers/indexers 301
/dev-ecosystem-providers/indexers/the-graph /providers/indexers/the-graph 301
/dev-ecosystem-providers/indexers/goldrush /providers/indexers/goldrush 301
/dev-ecosystem-providers/centralized-exchanges /learn/centralized-exchanges 301
/dev-ecosystem-providers/faucets /learn/faucet 301
/providers/faucets /learn/faucet 301
/dev-ecosystem-providers/oracles/oracles /providers/oracles 301
/dev-ecosystem-providers/bridges /providers/bridges 301
